distance_mm,ch1_median,ch1_mono,ch1_p25,ch1_p75,n,n_files,slope_per_mm,est_res_mm,quality,quality_name
0,3565133.0,3565133.0,3542879.8,3580671.5,98,10,-134112.00,0.209,0,good
1,3460763.0,3460763.0,3424863.5,3485237.0,32,10,-135727.83,0.330,0,good
2,3296909.0,3296909.0,3257480.0,3337418.5,31,10,-134012.75,0.442,0,good
3,3157949.5,3157949.5,3122051.0,3171337.2,26,10,-131933.75,0.277,0,good
4,3029082.0,3029082.0,3010270.0,3053615.0,27,10,-112398.50,0.286,0,good
5,2933028.0,2933028.0,2907603.5,2959444.5,24,9,-95631.62,0.402,0,good
6,2847315.0,2847315.0,2828663.0,2869120.0,25,10,-78717.75,0.381,0,good
7,2775423.0,2775423.0,2757791.5,2786716.0,23,10,-69146.25,0.310,0,good
8,2714211.0,2714211.0,2695805.0,2732975.0,25,10,-57120.50,0.482,0,good
9,2656443.0,2656443.0,2645937.0,2667841.0,25,10,-49683.25,0.327,0,good
10,2618833.0,2618833.0,2607123.0,2629011.0,23,10,-42678.50,0.380,0,good
11,2576690.0,2576690.0,2566370.5,2583065.5,23,10,-37682.50,0.328,0,good
12,2543497.0,2543497.0,2531275.0,2552260.0,23,10,-35729.50,0.435,0,good
13,2505713.0,2505713.0,2497070.0,2515385.0,25,10,-30039.12,0.452,0,good
14,2475915.0,2475915.0,2472647.0,2483868.0,21,10,-26677.25,0.312,0,good
15,2456533.5,2456533.5,2451222.8,2465345.8,22,10,-22621.88,0.463,0,good
16,2436788.0,2436788.0,2430720.0,2441435.0,25,10,-19850.75,0.400,0,good
17,2415225.5,2415225.5,2410347.8,2421447.5,22,10,-18932.88,0.435,0,good
18,2396512.0,2396512.0,2392439.0,2400693.0,21,8,-17560.00,0.348,0,good
19,2380802.0,2380802.0,2376613.5,2385978.0,23,10,-15841.12,0.438,0,good
20,2366548.0,2366548.0,2361744.0,2370029.0,25,10,-14485.50,0.424,0,good
21,2351861.0,2351861.0,2349185.0,2355083.8,20,10,-14106.25,0.310,0,good
22,2338570.0,2338570.0,2334464.0,2342482.0,21,10,-13163.25,0.452,0,good
23,2324377.0,2324377.0,2322939.0,2329339.5,23,10,-12036.50,0.394,0,good
24,2313895.0,2313895.0,2311005.0,2316985.0,25,10,-11103.25,0.399,0,good
25,2303715.0,2303715.0,2301626.0,2306493.0,25,10,-10115.88,0.357,0,good
26,2294157.0,2294157.0,2291019.0,2296796.0,25,10,-9790.12,0.437,0,good
27,2283913.5,2283913.5,2280946.2,2287079.5,28,10,-9151.75,0.497,0,good
28,2274734.5,2274734.5,2272458.5,2276898.8,26,10,-8680.38,0.379,0,good
29,2267108.0,2267108.0,2264143.5,2267939.0,27,10,-7892.75,0.356,0,good
30,2259435.5,2259435.5,2257902.5,2261862.2,26,10,-7261.62,0.404,0,good
31,2252342.5,2252342.5,2250634.5,2254232.5,26,10,-7081.75,0.377,0,good
32,2245688.0,2245688.0,2243966.0,2247250.0,25,10,-6650.62,0.366,0,good
33,2238781.0,2238781.0,2236807.2,2240084.2,24,10,-6188.38,0.393,0,good
34,2232833.0,2232833.0,2230668.0,2234227.0,29,10,-5679.25,0.465,0,good
35,2227589.0,2227589.0,2225647.0,2228889.5,23,9,-5093.62,0.472,0,good
36,2222971.0,2222971.0,2221188.5,2224198.0,23,10,-5072.25,0.440,0,good
37,2218406.5,2218406.5,2216590.5,2218892.2,26,10,-4726.00,0.361,0,good
38,2212544.0,2212544.0,2211943.0,2213333.0,25,10,-4591.50,0.224,0,good
39,2208685.0,2208685.0,2207414.0,2209996.8,26,10,-4349.38,0.440,0,good
40,2204605.0,2204605.0,2203825.0,2205632.0,25,10,-3926.50,0.341,0,good
41,2201009.0,2201009.0,2200200.0,2201647.0,21,10,-3866.50,0.277,1,fair
42,2196838.0,2196838.0,2195952.5,2197868.0,26,10,-3685.50,0.385,1,fair
43,2193219.0,2193219.0,2192228.5,2194446.0,27,10,-3573.50,0.460,1,fair
44,2189863.0,2189863.0,2189124.2,2191134.8,24,10,-3139.75,0.475,1,fair
45,2186715.0,2186715.0,2186126.0,2187807.5,27,10,-2946.88,0.423,1,fair
46,2184279.0,2184279.0,2183999.5,2185116.8,22,10,-2747.25,0.301,1,fair
47,2181431.5,2181431.5,2180790.8,2182464.2,20,10,-2605.25,0.476,1,fair
48,2178874.0,2178874.0,2178051.2,2179968.8,26,10,-2590.00,0.549,1,fair
49,2176294.0,2176294.0,2175192.5,2176981.5,24,10,-2410.88,0.550,1,fair
50,2173919.0,2173919.0,2173375.8,2174668.8,24,10,-2299.12,0.417,1,fair
51,2171788.0,2171788.0,2171195.0,2172457.5,23,10,-2240.25,0.418,1,fair
52,2169677.5,2169677.5,2168984.0,2170070.8,22,10,-2036.25,0.396,1,fair
53,2167333.0,2167333.0,2166748.0,2167629.5,24,10,-2059.00,0.317,1,fair
54,2165774.0,2165774.0,2165158.0,2166207.0,21,10,-1898.62,0.410,1,fair
55,2163552.0,2163552.0,2162897.0,2164119.0,25,10,-1791.75,0.506,1,fair
56,2162083.0,2162083.0,2161336.0,2162807.0,21,10,-1742.75,0.626,1,fair
57,2160166.0,2160166.0,2159625.0,2160800.5,23,10,-1572.12,0.554,1,fair
58,2158803.0,2158803.0,2158258.0,2159254.8,22,10,-1613.12,0.458,1,fair
59,2157263.5,2157263.5,2156682.8,2157665.2,24,10,-1561.00,0.467,1,fair
60,2155630.5,2155630.5,2155161.5,2155969.5,24,10,-1465.12,0.409,1,fair
61,2153922.0,2153922.0,2153704.0,2154583.0,21,10,-1370.62,0.475,1,fair
62,2152942.5,2152942.5,2152575.0,2153508.8,20,10,-1243.25,0.557,1,fair
63,2151781.0,2151781.0,2151252.8,2152447.2,22,10,-1073.25,0.825,1,fair
64,2150657.5,2150657.5,2150150.8,2150935.5,22,10,-1151.62,0.505,1,fair
65,2149629.0,2149629.0,2149056.0,2150000.0,23,10,-1166.25,0.600,1,fair
66,2148336.0,2148336.0,2148101.2,2148667.5,22,10,-1118.38,0.375,1,fair
67,2147116.0,2147116.0,2146761.0,2147636.0,23,10,-1088.25,0.596,1,fair
68,2146184.0,2146184.0,2145715.0,2146600.0,25,10,-976.50,0.672,1,fair
69,2145276.0,2145276.0,2145173.5,2145562.5,19,10,-876.88,0.329,1,fair
70,2144430.0,2144430.0,2143906.0,2144819.2,22,10,-909.75,0.744,1,fair
71,2143608.5,2143608.5,2143355.2,2143934.0,24,10,-882.38,0.486,1,fair
72,2142545.0,2142545.0,2142143.2,2143023.8,22,10,-836.75,0.780,1,fair
73,2141746.5,2141746.5,2141295.0,2142492.2,22,10,-823.88,1.077,1,fair
74,2141083.0,2141083.0,2140783.0,2141677.0,21,10,-717.00,0.924,1,fair
75,2140313.0,2140313.0,2140075.0,2140645.0,25,10,-636.62,0.664,1,fair
76,2139677.0,2139677.0,2139318.5,2140149.5,23,10,-658.75,0.935,1,fair
77,2139200.0,2139200.0,2138784.5,2139636.0,22,10,-685.75,0.920,1,fair
78,2138448.0,2138448.0,2138104.8,2138911.2,24,10,-637.50,0.938,1,fair
79,2137570.0,2137570.0,2137310.5,2137929.5,23,10,-684.12,0.671,1,fair
80,2137127.0,2137127.0,2136679.0,2137304.0,21,10,-638.25,0.726,1,fair
81,2136463.5,2136463.5,2136136.8,2137020.8,24,10,-455.75,1.438,2,poor
82,2135895.0,2135895.0,2135541.8,2136326.8,20,10,-537.00,1.084,2,poor
83,2135747.0,2135747.0,2135008.0,2136084.0,23,10,-464.88,1.716,2,poor
84,2134979.0,2134979.0,2134671.0,2135183.0,21,10,-477.75,0.794,2,poor
85,2134604.0,2134604.0,2134364.0,2134836.0,25,10,-515.50,0.679,2,poor
86,2133984.0,2133984.0,2133597.0,2134186.0,21,10,-448.00,0.975,2,poor
87,2133685.0,2133685.0,2133171.0,2133954.0,23,10,-487.50,1.191,2,poor
88,2133187.0,2133187.0,2132720.0,2133524.0,21,10,-421.00,1.416,2,poor
89,2132654.0,2132654.0,2132355.5,2133040.5,23,10,-458.50,1.107,2,poor
90,2132300.0,2132300.0,2131937.2,2132460.2,24,10,-398.50,0.973,2,poor
91,2131851.0,2131851.0,2131682.0,2132140.2,22,10,-393.75,0.863,2,poor
92,2131593.0,2131593.0,2131153.0,2132001.5,23,10,-339.00,1.855,2,poor
93,2131079.0,2131079.0,2130910.0,2131411.8,22,10,-353.25,1.053,2,poor
94,2130944.0,2130944.0,2130832.0,2131555.0,21,10,-279.12,1.920,2,poor
95,2130438.0,2130438.0,2130212.5,2130832.0,23,10,-276.25,1.662,2,poor
96,2130476.5,2130437.0,2130222.0,2130635.8,20,10,-364.50,0.841,2,poor
97,2129974.0,2129974.0,2129588.0,2130381.0,21,10,-272.00,2.161,2,poor
98,2129486.0,2129486.0,2129039.0,2129826.0,23,10,-332.38,1.755,2,poor
99,2129350.0,2129350.0,2129072.0,2129773.5,23,10,-289.50,1.796,2,poor
100,2129147.0,2129147.0,2128913.8,2129335.2,20,10,-310.62,1.006,2,poor
101,2128816.0,2128816.0,2128457.0,2129207.0,23,10,-303.00,1.835,2,poor
102,2128243.5,2128243.5,2128099.0,2128538.8,20,10,-223.75,1.457,2,poor
103,2128138.0,2128138.0,2127844.0,2128555.5,23,10,-273.62,1.928,2,poor
104,2128252.0,2128137.0,2127680.5,2128623.5,23,10,-149.38,4.680,2,poor
105,2127721.5,2127721.5,2127399.5,2127896.8,22,10,-177.38,2.078,2,poor
106,2127646.0,2127646.0,2127166.0,2127925.0,21,10,-304.25,1.849,2,poor
107,2127428.5,2127428.5,2127173.2,2127838.8,22,10,-200.12,2.465,2,poor
108,2127035.0,2127035.0,2126746.5,2127486.5,23,10,-179.50,3.056,2,poor
109,2126921.0,2126921.0,2126627.5,2127164.5,19,9,-248.88,1.599,2,poor
110,2126928.0,2126920.0,2126604.5,2127377.5,20,10,-203.25,2.819,2,poor
111,2126433.0,2126433.0,2126267.0,2126793.8,24,10,-206.75,1.889,2,poor
112,2126222.0,2126222.0,2125953.8,2126850.0,22,10,-225.50,2.946,2,poor
113,2126094.0,2126094.0,2125816.8,2126457.2,20,10,-129.25,3.673,2,poor
114,2126026.0,2126026.0,2125691.0,2126327.0,21,10,-149.00,3.164,2,poor
115,2125916.0,2125916.0,2125614.0,2126222.0,21,10,-124.88,3.609,2,poor
116,2125626.0,2125626.0,2125493.0,2125966.0,21,10,-208.50,1.682,2,poor
117,2125594.5,2125594.5,2125232.8,2125823.2,22,10,-115.12,3.802,2,poor
118,2125192.0,2125192.0,2125038.5,2125650.5,22,10,-165.50,2.741,2,poor
119,2125455.5,2125191.0,2125055.0,2125767.2,22,10,-139.88,3.775,2,poor
120,2124964.0,2124964.0,2124685.0,2125513.5,20,10,-83.88,7.322,3,saturated
121,2125035.0,2124963.0,2124829.0,2125477.0,21,10,-172.88,2.779,2,poor
122,2124856.5,2124856.5,2124592.0,2125216.5,22,10,-122.62,3.775,2,poor
123,2124764.0,2124764.0,2124384.0,2125114.0,19,10,-65.50,8.262,3,saturated
124,2124473.5,2124473.5,2124130.8,2124756.5,20,10,-110.75,4.188,2,poor
125,2124773.0,2124472.5,2124475.0,2124975.0,23,10,-184.12,2.013,2,poor
126,2124413.5,2124413.5,2124096.5,2124711.8,22,10,-76.88,5.933,3,saturated
127,2124027.5,2124027.5,2123801.5,2124179.8,18,10,-134.00,2.092,2,poor
128,2124166.0,2124026.5,2123763.0,2124480.5,22,10,-150.88,3.525,2,poor
129,2124237.0,2124025.5,2123601.5,2124653.5,23,10,-99.38,7.847,3,saturated
130,2123810.0,2123810.0,2123717.5,2124233.5,19,10,-138.62,2.759,2,poor
131,2123630.0,2123630.0,2123412.2,2123894.0,22,10,-199.25,1.792,2,poor
132,2123611.5,2123611.5,2123413.0,2124699.8,18,10,-39.75,23.996,3,saturated
133,2123440.0,2123440.0,2123142.0,2123825.0,21,10,-1.75,289.315,3,saturated
134,2123651.0,2123439.0,2123390.5,2124070.0,23,10,-29.75,16.931,3,saturated
135,2123623.0,2123438.0,2123308.5,2123906.8,22,10,-8.25,53.755,3,saturated
136,2123492.5,2123437.0,2123131.5,2123742.2,20,10,-113.00,4.007,2,poor
137,2123407.0,2123407.0,2123121.0,2123789.0,21,10,-128.00,3.869,2,poor
138,2123199.0,2123199.0,2122992.5,2123506.0,19,10,-105.88,3.595,2,poor
139,2123111.0,2123111.0,2122853.2,2123487.0,24,10,-56.38,8.333,3,saturated
140,2123069.0,2123069.0,2122707.5,2123454.5,19,10,-120.25,4.605,2,poor
141,2123181.5,2123068.0,2122836.0,2123786.2,22,10,-40.38,17.447,3,saturated
142,2122718.0,2122718.0,2122537.0,2122770.0,21,10,-102.25,1.689,2,poor
143,2122949.5,2122717.0,2122485.5,2123238.2,18,10,-88.88,6.279,3,saturated
144,2122660.0,2122660.0,2122495.2,2123008.2,22,10,29.88,12.729,3,saturated
145,2122826.0,2122659.0,2122512.0,2123134.0,21,10,-48.38,9.531,3,saturated
146,2122837.5,2122658.0,2122532.8,2123154.8,18,10,-38.00,12.134,3,saturated
147,2122756.0,2122657.0,2122466.8,2123314.0,22,10,-35.75,17.568,3,saturated
148,2122508.0,2122508.0,2122218.0,2122893.2,20,10,-134.12,3.732,2,poor
149,2122683.0,2122507.0,2122364.5,2123068.5,23,10,-76.25,6.844,3,saturated
150,2122301.0,2122301.0,2122055.0,2122552.0,17,10,-99.50,3.703,2,poor
151,2122451.0,2122300.0,2122221.0,2122769.0,21,10,-128.50,3.161,2,poor
152,2122110.0,2122110.0,2121890.5,2122718.0,19,10,-30.00,20.447,3,saturated
153,2122169.0,2122109.0,2122018.0,2122384.0,19,10,-46.50,5.835,3,saturated
154,2122181.0,2122108.0,2121952.0,2122518.0,21,10,9.25,45.359,3,saturated
155,2122265.0,2122107.0,2122036.8,2122711.0,20,10,17.75,28.159,3,saturated
156,2122147.0,2122106.0,2121835.2,2122534.0,20,10,-15.38,33.690,3,saturated
157,2122240.0,2122105.0,2121991.0,2122633.0,17,10,-78.00,6.101,3,saturated
158,2122119.5,2122104.0,2121670.8,2122834.0,20,10,3.25,265.325,3,saturated
159,2121953.0,2121953.0,2121641.0,2122295.0,19,10,-47.50,10.206,3,saturated
160,2122160.0,2121952.0,2121556.0,2122383.2,20,10,-60.12,10.199,3,saturated
161,2122050.0,2121951.0,2121767.5,2122299.0,16,10,31.75,12.409,3,saturated
162,2121879.0,2121879.0,2121621.0,2122268.0,22,10,-112.12,4.277,2,poor
163,2122080.0,2121878.0,2121764.0,2122420.0,17,10,-28.25,17.214,3,saturated
164,2121711.5,2121711.5,2121332.2,2122076.8,20,10,-57.25,9.640,3,saturated
165,2121937.0,2121710.5,2121593.0,2122431.0,21,10,-42.38,14.660,3,saturated
166,2121650.0,2121650.0,2121309.5,2121892.0,19,10,-28.62,15.085,3,saturated
167,2121910.5,2121649.0,2121587.0,2122138.8,20,10,-90.75,4.507,2,poor
168,2121597.0,2121597.0,2121514.0,2121826.0,17,10,-2.25,102.792,3,saturated
169,2121574.0,2121574.0,2121260.5,2121732.0,19,10,-56.12,6.227,3,saturated
170,2121641.0,2121573.0,2121314.0,2121768.0,19,10,-48.00,7.011,3,saturated
171,2121686.0,2121572.0,2121451.0,2121887.0,17,10,-20.88,15.483,3,saturated
172,2121405.0,2121405.0,2121135.5,2121668.5,19,10,-22.25,17.758,3,saturated
173,2121490.5,2121404.0,2121322.5,2121682.2,20,10,-90.38,2.951,2,poor
174,2121552.0,2121403.0,2121144.5,2121991.0,19,10,33.50,18.731,3,saturated
175,2121324.5,2121324.5,2121043.5,2121813.0,18,10,-14.62,39.003,3,saturated
176,2121539.0,2121323.5,2121341.5,2121932.2,22,10,-63.12,6.937,3,saturated
177,2121432.0,2121322.5,2121078.0,2121750.5,19,10,-16.62,29.986,3,saturated
178,2121299.5,2121299.5,2121078.2,2121510.2,16,10,-8.12,39.414,3,saturated
179,2121258.0,2121258.0,2121059.8,2121452.5,20,10,-29.50,9.869,3,saturated
180,2121506.5,2121257.0,2121163.5,2121830.2,20,10,-47.62,10.378,3,saturated
181,2121314.0,2121256.0,2121089.0,2121686.0,17,10,-28.50,15.528,3,saturated
182,2121109.0,2121109.0,2120976.8,2121566.8,18,10,-79.62,5.493,3,saturated
183,2121144.0,2121108.0,2120842.2,2121437.2,18,10,42.75,10.317,3,saturated
184,2121188.0,2121107.0,2121001.0,2121436.0,19,10,7.62,42.290,3,saturated
185,2121485.0,2121106.0,2121125.8,2121841.5,20,10,54.38,9.758,3,saturated
186,2121139.5,2121105.0,2121037.8,2121642.2,16,10,-21.50,20.842,3,saturated
187,2121361.5,2121104.0,2121086.8,2121745.5,18,10,-66.12,7.385,3,saturated
188,2121102.0,2121102.0,2120926.0,2121307.0,19,10,15.62,18.076,3,saturated
189,2121220.5,2121101.0,2121066.5,2121569.2,20,10,-62.12,5.999,3,saturated
190,2121202.0,2121100.0,2120896.0,2121322.0,17,10,23.25,13.582,3,saturated
191,2121113.0,2121099.0,2120872.5,2121277.5,19,10,-81.88,3.667,2,poor
192,2121195.0,2121098.0,2120988.2,2121420.2,18,10,-26.75,11.971,3,saturated
193,2120893.0,2120893.0,2120788.0,2121017.5,15,10,-76.50,2.224,3,saturated
194,2121095.0,2120892.0,2120781.0,2121390.5,19,10,-53.50,8.445,3,saturated
195,2120807.0,2120807.0,2120619.5,2121124.0,15,9,42.75,8.748,3,saturated
196,2120981.0,2120806.0,2120828.0,2121279.0,19,10,-68.75,4.863,3,saturated
197,2121064.0,2120805.0,2120914.8,2121396.8,18,10,31.00,11.526,3,saturated
198,2120820.0,2120804.0,2120628.5,2121330.8,18,10,42.12,12.358,3,saturated
199,2120931.0,2120803.0,2120568.0,2121165.0,17,10,-44.75,9.889,3,saturated
200,2121149.5,2120802.0,2120803.0,2121414.2,18,10,15.00,30.208,3,saturated
201,2120885.0,2120801.0,2120758.5,2121155.0,19,10,-3.62,81.082,3,saturated
202,2120880.0,2120800.0,2120641.0,2121146.0,17,10,-16.50,22.688,3,saturated
203,2120916.5,2120799.0,2120700.2,2121132.2,18,10,-10.88,29.447,3,saturated
204,2121083.5,2120798.0,2120657.5,2121275.0,18,10,-48.25,9.487,3,saturated
205,2120841.5,2120797.0,2120643.0,2121105.8,18,10,27.75,12.362,3,saturated
206,2120687.0,2120687.0,2120485.8,2121326.8,18,10,-64.38,9.684,3,saturated
207,2121027.5,2120686.0,2120525.0,2121628.0,18,10,-2.38,344.271,3,saturated
208,2120826.0,2120685.0,2120709.0,2120949.0,17,10,87.75,2.027,2,poor
209,2120832.0,2120684.0,2120659.0,2121008.0,17,10,23.00,11.248,3,saturated
210,2121038.0,2120683.0,2120734.0,2121307.0,17,10,49.38,8.603,3,saturated
211,2121119.5,2120682.0,2120828.8,2121537.0,18,10,-11.25,46.668,3,saturated
212,2121023.5,2120681.0,2120416.8,2121452.8,16,10,-33.50,22.925,3,saturated
213,2120787.0,2120680.0,2120522.5,2120998.5,19,10,-94.38,3.739,2,poor
214,2120904.0,2120679.0,2120770.5,2121247.8,18,9,-110.12,3.213,2,poor
215,2120742.0,2120678.0,2120488.0,2121094.0,17,10,-9.75,46.074,3,saturated
216,2120583.0,2120583.0,2120405.5,2121019.5,19,10,20.12,22.616,3,saturated
217,2120748.0,2120582.0,2120608.0,2121484.0,17,10,59.50,10.914,3,saturated
218,2120984.5,2120581.0,2120510.5,2121166.5,16,9,113.00,4.303,2,poor
219,2120980.0,2120580.0,2120694.0,2121166.0,19,10,-5.50,63.616,3,saturated
220,2121035.0,2120579.0,2120433.0,2121355.0,17,10,-40.12,17.034,3,saturated
221,2120726.0,2120578.0,2120416.0,2121009.5,19,10,-106.25,4.141,2,poor
222,2120824.0,2120577.0,2120441.0,2121443.0,17,10,-69.50,10.687,3,saturated
223,2120555.0,2120555.0,2120363.8,2120901.5,18,10,20.00,19.931,3,saturated
224,2120757.0,2120554.0,2120544.5,2120973.0,20,10,27.00,11.765,3,saturated
225,2120806.0,2120553.0,2120484.0,2120936.0,17,10,-3.38,99.278,3,saturated
226,2120932.0,2120552.0,2120641.0,2121312.0,17,10,-44.50,11.178,3,saturated
227,2120541.5,2120541.5,2120287.8,2121182.8,18,10,-5.25,126.372,3,saturated
228,2120579.0,2120540.5,2120311.0,2120892.5,18,10,-71.00,6.071,3,saturated
229,2120785.0,2120539.5,2120618.0,2121548.0,17,10,22.38,30.811,3,saturated
230,2120648.0,2120538.5,2120369.5,2121159.0,19,10,36.75,15.925,3,saturated
231,2120631.0,2120537.5,2120384.0,2121217.8,18,10,-17.25,35.829,3,saturated
232,2120726.0,2120536.5,2120559.0,2120894.0,17,10,47.38,5.242,3,saturated
233,2120716.0,2120535.5,2120245.0,2121224.0,17,10,27.50,26.390,3,saturated
234,2120837.5,2120534.5,2120244.8,2121061.0,20,10,-27.88,21.707,3,saturated
235,2120741.0,2120533.5,2120334.8,2121008.2,20,10,-11.62,42.947,3,saturated
236,2120614.5,2120532.5,2120350.5,2120915.2,16,10,-84.62,4.947,2,poor
237,2120669.5,2120531.5,2120322.5,2120907.5,16,10,-3.50,123.901,3,saturated
238,2120499.0,2120499.0,2120403.0,2120842.0,22,10,87.62,3.714,2,poor
239,2120727.0,2120498.0,2120501.5,2120958.8,18,10,18.62,18.199,3,saturated
240,2120965.0,2120497.0,2120586.0,2121190.0,17,10,12.25,36.550,3,saturated
241,2120744.0,2120496.0,2120394.2,2121044.8,20,10,-11.62,41.480,3,saturated
242,2120548.0,2120495.0,2120308.0,2120970.0,17,10,-67.25,7.297,3,saturated
243,2120680.5,2120494.0,2120278.2,2120825.0,18,10,-45.75,8.859,3,saturated
244,2120696.0,2120493.0,2120547.0,2120956.0,17,10,50.12,6.049,3,saturated
245,2120561.0,2120492.0,2120417.0,2120804.0,18,10,30.38,9.445,3,saturated
246,2120748.5,2120491.0,2120433.0,2121070.0,22,10,-68.88,6.856,3,saturated
247,2120802.0,2120490.0,2120360.0,2120860.0,15,10,-35.88,10.332,3,saturated
248,2120420.5,2120420.5,2120272.8,2120537.5,22,10,-17.88,10.979,3,saturated
249,2120417.5,2120417.5,2120172.0,2120824.5,16,10,-32.50,14.883,3,saturated
250,2120677.0,2120416.5,2120451.5,2121045.0,19,10,69.25,6.353,3,saturated
251,2120672.0,2120415.5,2120274.8,2120950.8,20,10,76.12,6.583,3,saturated
252,2120697.5,2120414.5,2120531.2,2121104.0,18,10,-11.75,36.134,3,saturated
253,2120722.0,2120413.5,2120384.5,2121025.0,19,10,-8.50,55.858,3,saturated
254,2120630.0,2120412.5,2120462.0,2121001.0,19,10,-77.12,5.181,3,saturated
255,2120638.0,2120411.5,2120271.0,2121171.8,20,10,-28.62,23.326,3,saturated
256,2120389.0,2120389.0,2120251.0,2120788.0,17,10,-16.38,24.310,3,saturated
257,2120607.5,2120388.0,2120256.5,2120919.8,20,10,33.75,14.568,3,saturated
258,2120564.5,2120387.0,2120290.5,2120711.2,16,10,126.75,2.461,2,poor
259,2120773.0,2120386.0,2120447.0,2121125.0,21,10,4.75,105.809,3,saturated
260,2120896.0,2120385.0,2120525.0,2121149.0,21,10,-17.12,27.011,3,saturated
261,2120626.5,2120384.0,2120279.5,2120814.0,20,10,-39.75,9.968,3,saturated
262,2120496.0,2120383.0,2120311.0,2120700.0,19,10,-119.12,2.421,2,poor
263,2120614.0,2120382.0,2120364.2,2120780.2,16,10,24.62,12.523,3,saturated
264,2120419.5,2120381.0,2120233.2,2120734.0,18,10,38.75,9.579,3,saturated
265,2120725.0,2120380.0,2120548.5,2120962.5,22,10,-34.00,9.026,3,saturated
266,2120651.0,2120379.0,2120483.2,2120848.0,18,10,9.38,28.841,3,saturated
267,2120478.0,2120378.0,2120056.0,2120995.5,19,10,-4.25,163.869,3,saturated
268,2120457.0,2120377.0,2120345.5,2120738.5,19,10,-7.50,38.844,3,saturated
269,2120708.0,2120376.0,2120391.5,2120871.5,16,10,60.25,5.906,3,saturated
270,2120621.0,2120375.0,2120367.8,2120866.0,22,10,4.25,86.905,3,saturated
271,2120719.0,2120374.0,2120394.5,2120907.0,19,10,35.00,10.855,3,saturated
272,2120474.0,2120373.0,2120196.2,2121084.8,22,10,-45.00,14.636,3,saturated
273,2120848.0,2120372.0,2120449.0,2120946.5,19,10,-31.88,11.570,3,saturated
274,2120441.0,2120371.0,2120269.5,2120773.0,19,10,23.38,15.967,3,saturated
275,2120591.5,2120370.0,2120332.8,2120752.2,20,10,-82.75,3.758,2,poor
276,2120567.5,2120369.0,2120318.0,2120917.5,20,10,29.50,15.065,3,saturated
277,2120517.0,2120368.0,2120192.2,2120726.0,20,10,-17.88,22.135,3,saturated
278,2120559.0,2120367.0,2120269.0,2120828.0,19,10,48.12,8.611,3,saturated
279,2120520.0,2120366.0,2120158.2,2121012.5,20,10,15.25,41.524,3,saturated
280,2120760.0,2120365.0,2120474.2,2120964.5,20,10,12.62,28.786,3,saturated
281,2120578.0,2120364.0,2120382.0,2120823.5,19,10,6.75,48.486,3,saturated
282,2120609.5,2120363.0,2120385.2,2120882.0,22,10,-46.75,7.877,3,saturated
283,2120547.0,2120362.0,2120310.2,2120812.0,18,10,42.38,8.777,3,saturated
284,2120573.0,2120361.0,2120319.0,2121094.0,23,10,-43.00,13.360,3,saturated
285,2120747.5,2120360.0,2120647.5,2121082.0,20,10,3.50,92.026,3,saturated
286,2120437.5,2120359.0,2120406.2,2120800.0,20,10,-7.75,37.662,3,saturated
287,2120561.0,2120358.0,2120369.0,2120701.0,21,10,-15.12,16.272,3,saturated
288,2120542.0,2120357.0,2120195.2,2120784.2,22,10,85.25,5.122,3,saturated
289,2120687.0,2120356.0,2120335.0,2121194.0,19,10,-0.25,999.000,3,saturated
290,2120778.5,2120355.0,2120299.2,2121062.2,22,10,-13.75,41.135,3,saturated
291,2120560.0,2120354.0,2120175.0,2120877.0,21,9,-0.75,999.000,3,saturated
292,2120487.0,2120353.0,2120318.0,2121073.5,20,10,23.00,24.350,3,saturated
293,2120684.0,2120352.0,2120287.0,2121192.2,20,10,-29.25,22.942,3,saturated
294,2120870.5,2120351.0,2120242.0,2121292.0,22,9,60.62,12.839,3,saturated
295,2120443.0,2120350.0,2120135.0,2121033.0,23,10,-40.75,16.336,3,saturated
296,2120729.5,2120349.0,2120511.0,2120935.0,24,10,-46.38,6.778,3,saturated
297,2120521.0,2120348.0,2120280.5,2120787.5,19,10,43.00,8.740,3,saturated
298,2120685.0,2120347.0,2120420.0,2121049.0,21,10,-2.38,196.325,3,saturated
299,2120615.0,2120346.0,2120289.0,2120856.0,25,10,4.00,105.078,3,saturated
300,2120720.0,2120345.0,2120510.5,2120819.0,20,10,-2.75,83.159,3,saturated
301,2120537.0,2120344.0,2120269.2,2121034.2,22,10,26.62,21.299,3,saturated
302,2120674.0,2120343.0,2120314.5,2121160.5,23,10,-50.00,12.543,3,saturated
303,2120721.5,2120342.0,2120356.5,2121205.0,22,10,31.50,19.968,3,saturated
304,2120520.0,2120341.0,2120370.0,2121025.5,23,10,-42.00,11.569,3,saturated
305,2120663.0,2120340.0,2120338.5,2121031.5,23,10,-98.38,5.222,3,saturated
306,2120506.0,2120339.0,2120333.0,2121031.0,25,10,30.50,16.965,3,saturated
307,2120328.0,2120328.0,2119980.5,2120703.0,23,10,59.00,9.078,3,saturated
308,2120642.0,2120327.0,2120388.8,2121011.2,20,9,55.00,8.390,3,saturated
309,2120899.0,2120326.0,2120501.0,2121156.0,21,8,102.88,4.720,2,poor
310,2120726.0,2120325.0,2120404.0,2120993.5,19,9,58.50,7.470,3,saturated
311,2120739.5,2120324.0,2120319.8,2121071.8,20,7,-100.75,5.533,3,saturated
312,2120876.0,2120323.0,2120359.2,2121006.5,10,4,-26.00,18.454,3,saturated
313,2120496.0,2120322.0,2120375.0,2120889.0,13,5,-45.75,8.328,3,saturated
314,2120622.0,2120321.0,2120349.2,2120752.0,12,5,-32.00,9.330,3,saturated
315,2120556.5,2120320.0,2120356.0,2120839.5,10,4,22.38,16.018,3,saturated
316,2120748.0,2120319.0,2120422.0,2121003.0,9,4,-96.75,4.452,2,poor
317,2120585.5,2120318.0,2120428.2,2120809.5,4,2,111.38,4.301,2,poor
318,2120235.0,2120235.0,2120233.5,2120490.5,3,1,-1.75,146.857,3,saturated
319,2121002.0,2120234.0,2120491.0,2121132.0,3,1,-26.88,23.851,3,saturated
320,2120741.0,2120233.0,2120738.0,2120744.0,2,1,60.38,0.099,3,saturated
321,2120478.0,2120232.0,2120349.0,2120606.0,3,1,-2.75,93.455,3,saturated
322,2120476.5,2120231.0,2120348.8,2120604.2,2,1,83.33,3.066,2,poor
323,2120991.0,2120230.0,2120987.5,2121514.5,3,1,256.50,2.055,2,poor
