distance_mm,ch1_median,ch1_mono,ch1_p25,ch1_p75,n,slope_per_mm,est_res_mm,quality,quality_name
0,7587786.0,7587786.0,7578841.5,7597722.0,9,-232399.00,0.081,0,good
1,7412348.8,7412348.8,7391712.0,7441807.8,8,-261988.33,0.191,0,good
2,7122988.0,7122988.0,7082456.0,7229907.0,9,-243017.00,0.607,0,good
3,6801821.0,6801821.0,6779925.0,6905035.0,7,-249713.19,0.501,0,good
4,6615718.0,6615718.0,6563529.8,6664703.8,6,-222885.50,0.454,0,good
5,6413496.0,6413496.0,6362731.5,6462441.0,6,-177506.50,0.562,0,good
6,6231446.0,6231446.0,6197106.5,6270305.0,6,-172956.38,0.423,0,good
7,6091795.0,6091795.0,6055290.0,6099063.0,5,-147863.50,0.296,0,good
8,5923892.5,5923892.5,5881377.8,5953753.5,8,-130334.75,0.555,0,good
9,5822042.0,5822042.0,5811939.5,5833464.5,3,-111452.38,0.193,0,good
10,5710107.0,5710107.0,5703577.0,5733388.5,7,-91632.38,0.325,0,good
11,5645985.5,5645985.5,5623097.5,5665104.0,4,-83955.50,0.500,0,good
12,5557363.0,5557363.0,5549283.5,5568650.5,7,-70904.25,0.273,0,good
13,5486220.0,5486220.0,5476702.0,5488658.0,3,-66295.88,0.180,0,good
14,5426490.0,5426490.0,5426353.0,5432898.5,6,-58522.00,0.112,0,good
15,5380802.0,5380802.0,5371947.0,5384315.8,4,-52097.75,0.237,0,good
16,5323275.0,5323275.0,5315649.0,5330081.5,7,-47853.12,0.302,0,good
17,5277829.0,5277829.0,5275792.0,5285294.0,3,-43850.38,0.217,0,good
18,5235077.5,5235077.5,5232554.8,5244929.2,6,-42219.75,0.293,0,good
19,5205400.5,5205400.5,5195790.2,5212634.2,4,-34440.00,0.489,0,good
20,5154396.0,5154396.0,5153455.0,5170545.0,5,-32219.88,0.530,0,good
21,5140069.0,5140069.0,5136157.0,5146768.0,4,-30065.50,0.353,0,good
22,5106198.0,5106198.0,5094946.0,5114079.0,5,-23796.00,0.804,0,good
23,5085138.5,5085138.5,5078086.0,5088053.0,4,-28056.50,0.355,0,good
24,5059212.0,5059212.0,5047015.0,5060373.0,5,-23064.75,0.579,0,good
25,5027843.0,5027843.0,5022490.0,5031109.0,5,-25391.50,0.339,0,good
26,5013939.0,5013939.0,5010462.0,5015912.2,4,-19375.25,0.281,0,good
27,4983572.5,4983572.5,4982272.5,4986002.8,4,-19758.12,0.189,0,good
28,4981711.0,4981711.0,4976147.0,4981747.0,5,-18433.00,0.304,0,good
29,4948810.5,4948810.5,4947503.0,4951508.0,4,-15487.38,0.259,0,good
30,4940207.0,4940207.0,4936767.0,4942263.0,5,-18933.50,0.290,0,good
31,4921623.0,4921623.0,4918209.0,4922817.0,5,-12850.62,0.359,0,good
32,4905977.0,4905977.0,4903330.0,4910494.0,5,-13755.25,0.521,0,good
33,4897408.0,4897408.0,4894852.0,4897745.5,3,-12714.75,0.228,0,good
34,4885186.0,4885186.0,4876115.0,4885887.0,5,-11639.12,0.840,0,good
35,4870764.0,4870764.0,4867070.0,4871296.0,5,-12803.50,0.330,0,good
36,4859420.5,4859420.5,4856691.8,4861433.8,4,-11375.88,0.417,0,good
37,4846194.0,4846194.0,4844443.0,4846593.0,5,-11065.12,0.194,0,good
38,4839682.5,4839682.5,4838554.8,4840312.5,4,-9648.38,0.182,0,good
39,4826503.5,4826503.5,4825267.8,4827572.5,4,-9174.25,0.251,0,good
40,4820827.0,4820827.0,4820359.0,4821846.0,5,-8714.62,0.171,0,good
41,4809497.0,4809497.0,4808804.2,4810612.5,4,-7966.62,0.227,1,fair
42,4804824.0,4804824.0,4803697.0,4805319.8,4,-7533.25,0.215,1,fair
43,4794637.0,4794637.0,4794241.0,4796646.0,5,-7017.75,0.343,1,fair
44,4790694.0,4790694.0,4789823.5,4791087.5,3,-7120.88,0.178,1,fair
45,4781426.0,4781426.0,4779902.0,4781596.5,7,-6460.38,0.262,1,fair
46,4776340.5,4776340.5,4775699.2,4776981.8,2,-6091.00,0.211,1,fair
47,4768795.5,4768795.5,4767299.8,4769683.0,6,-5742.75,0.415,1,fair
48,4766330.0,4766330.0,4764913.0,4766382.5,3,-5883.38,0.250,1,fair
49,4758455.0,4758455.0,4757273.8,4759451.0,4,-5345.38,0.407,1,fair
50,4752807.0,4752807.0,4751353.0,4754992.2,6,-5938.00,0.613,1,fair
51,4747414.0,4747414.0,4747060.5,4747869.5,3,-4695.25,0.172,1,fair
52,4742578.0,4742578.0,4742539.0,4745281.0,5,-4157.00,0.660,1,fair
53,4739674.0,4739674.0,4738539.0,4739956.0,3,-4006.75,0.354,1,fair
54,4736179.0,4736179.0,4734378.0,4737566.0,5,-3285.00,0.970,1,fair
55,4731387.0,4731387.0,4730769.0,4731988.0,3,-3963.25,0.308,1,fair
56,4729438.0,4729438.0,4728026.0,4729664.0,5,-3903.00,0.420,1,fair
57,4723821.0,4723821.0,4723684.0,4724515.0,5,-3501.00,0.237,1,fair
58,4720567.0,4720567.0,4720178.0,4721122.0,3,-3480.00,0.271,1,fair
59,4717383.0,4717383.0,4716779.5,4718349.5,4,-3193.25,0.492,1,fair
60,4715518.0,4715518.0,4713654.0,4715657.0,5,-2894.75,0.692,1,fair
61,4711048.0,4711048.0,4711030.0,4711260.0,5,-2946.62,0.078,1,fair
62,4708988.0,4708988.0,4708513.5,4708994.5,3,-2902.00,0.166,1,fair
63,4705596.5,4705596.5,4705267.8,4706180.8,4,-2587.12,0.353,1,fair
64,4703910.0,4703910.0,4703506.0,4704537.0,5,-2656.75,0.388,1,fair
65,4700699.5,4700699.5,4700307.0,4701158.8,4,-2002.88,0.425,1,fair
66,4698361.0,4698361.0,4698168.5,4699862.5,3,-2113.38,0.802,1,fair
67,4697585.0,4697585.0,4696872.5,4697841.5,3,-1786.12,0.543,1,fair
68,4695456.5,4695456.5,4694277.2,4695886.5,6,-1760.12,0.914,1,fair
69,4693555.0,4693555.0,4693555.0,4693555.0,1,-2065.25,0.000,1,fair
70,4691320.5,4691320.5,4690844.5,4691725.8,8,-2130.62,0.414,1,fair
71,4689324.0,4689324.0,4689324.0,4689324.0,1,-1803.62,0.000,1,fair
72,4686934.0,4686934.0,4686657.5,4687954.0,7,-1882.12,0.689,1,fair
73,4686340.5,4686340.5,4685874.8,4686806.2,2,-1711.38,0.544,1,fair
74,4683792.0,4683792.0,4683553.0,4684003.2,6,-1507.00,0.299,1,fair
75,4682478.5,4682478.5,4682434.2,4682522.8,2,-1701.38,0.052,1,fair
76,4680906.0,4680906.0,4680683.0,4681727.0,5,-1357.25,0.769,1,fair
77,4679535.0,4679535.0,4679521.5,4679789.5,3,-1327.38,0.202,1,fair
78,4678363.0,4678363.0,4677832.2,4678757.2,6,-1319.50,0.701,1,fair
79,4677169.0,4677169.0,4677118.5,4677401.0,3,-1195.88,0.236,1,fair
80,4675628.0,4675628.0,4675323.2,4675993.8,4,-1284.00,0.522,1,fair
81,4674751.5,4674751.5,4674273.8,4675091.0,4,-1286.75,0.635,2,poor
82,4673227.0,4673227.0,4672729.0,4673709.0,5,-1089.25,0.900,2,poor
83,4672022.0,4672022.0,4671801.5,4672065.0,3,-1119.88,0.235,2,poor
84,4671271.0,4671271.0,4671036.5,4671515.2,4,-899.50,0.532,2,poor
85,4670272.0,4670272.0,4670158.5,4670573.2,4,-934.00,0.444,2,poor
86,4669629.0,4669629.0,4668655.0,4669650.0,5,-753.25,1.321,2,poor
87,4668286.0,4668286.0,4668074.0,4668407.5,4,-942.25,0.354,2,poor
88,4668258.0,4668258.0,4667404.0,4668275.5,3,-971.62,0.897,2,poor
89,4666503.0,4666503.0,4666185.8,4666895.2,6,-899.50,0.789,2,poor
90,4665742.5,4665742.5,4665730.8,4665754.2,2,-994.00,0.024,2,poor
91,4664688.0,4664688.0,4664518.0,4664992.0,5,-805.25,0.589,2,poor
92,4664282.0,4664282.0,4663825.0,4664336.5,3,-794.88,0.643,2,poor
93,4663282.0,4663282.0,4663083.0,4663595.0,5,-588.25,0.870,2,poor
94,4662563.0,4662563.0,4662558.0,4662568.0,2,-773.00,0.013,2,poor
95,4662335.0,4662335.0,4661762.0,4662663.5,6,-602.00,1.498,2,poor
96,4661190.0,4661190.0,4661146.5,4661343.5,3,-570.50,0.345,2,poor
97,4660874.0,4660874.0,4660530.2,4661077.8,4,-616.88,0.888,2,poor
98,4660281.0,4660281.0,4659888.0,4660674.5,4,-641.75,1.226,2,poor
99,4659867.5,4659867.5,4659577.8,4660140.8,4,-527.25,1.068,2,poor
100,4658623.0,4658623.0,4658244.0,4658934.0,5,-609.75,1.132,2,poor
101,4658765.0,4658623.0,4658735.0,4658825.5,3,-571.38,0.158,2,poor
102,4657842.0,4657842.0,4657787.0,4657998.0,5,-441.00,0.478,2,poor
103,4657582.0,4657582.0,4657396.0,4657768.0,2,-532.88,0.698,2,poor
104,4656859.0,4656859.0,4656822.2,4657039.0,6,-493.88,0.439,2,poor
105,4656633.5,4656633.5,4656548.2,4656718.8,2,-485.00,0.352,2,poor
106,4655866.5,4655866.5,4655545.2,4656085.0,6,-452.62,1.192,2,poor
107,4655642.0,4655642.0,4655563.0,4655839.0,3,-459.88,0.600,2,poor
108,4655048.5,4655048.5,4654760.5,4655356.8,4,-486.62,1.225,2,poor
109,4654794.0,4654794.0,4654682.0,4654986.0,5,-432.38,0.703,2,poor
110,4653920.0,4653920.0,4653748.5,4653994.0,3,-390.12,0.629,2,poor
111,4653912.5,4653912.5,4653595.0,4654135.2,4,-483.75,1.117,2,poor
112,4653488.0,4653488.0,4653298.0,4653715.0,4,-221.75,1.880,2,poor
113,4652859.0,4652859.0,4652719.5,4653027.5,3,-419.12,0.735,2,poor
114,4653033.0,4652859.0,4652673.0,4653289.0,5,-327.50,1.881,2,poor
115,4652236.0,4652236.0,4651886.5,4652585.5,2,-433.75,1.612,2,poor
116,4652178.0,4652178.0,4651993.5,4652377.5,7,-384.75,0.998,2,poor
117,4651124.0,4651124.0,4651124.0,4651124.0,1,-201.25,0.000,2,poor
118,4651494.0,4651124.0,4651338.0,4651581.0,5,-305.12,0.796,2,poor
119,4651431.0,4651124.0,4651091.2,4651517.2,4,-84.12,5.064,2,poor
120,4650957.5,4650957.5,4650772.0,4651166.0,4,-396.62,0.993,2,poor
121,4650787.5,4650787.5,4650548.2,4651043.5,4,-272.50,1.817,3,saturated
122,4649907.5,4649907.5,4649726.0,4650105.0,4,-272.00,1.393,3,saturated
123,4650341.0,4649907.5,4650260.5,4650519.5,3,-256.62,1.009,3,saturated
124,4649869.5,4649869.5,4649806.5,4650096.8,6,-160.38,1.810,3,saturated
125,4649761.0,4649761.0,4649646.5,4649875.5,2,-289.00,0.792,3,saturated
126,4649266.0,4649266.0,4648975.0,4649398.0,5,-230.38,1.836,3,saturated
127,4649185.0,4649185.0,4649153.5,4649326.0,3,-289.00,0.597,3,saturated
128,4648948.0,4648948.0,4648859.8,4649258.5,4,-49.62,8.035,3,saturated
129,4648605.0,4648605.0,4648417.2,4648658.8,4,-301.25,0.802,3,saturated
130,4649067.5,4648605.0,4648885.2,4649249.8,2,-225.75,1.615,3,saturated
131,4647980.0,4647980.0,4647889.5,4648208.5,6,-178.88,1.783,3,saturated
132,4648045.0,4647980.0,4647888.5,4648201.5,2,-377.00,0.830,3,saturated
133,4647889.5,4647889.5,4647756.2,4648001.8,6,-94.75,2.591,3,saturated
134,4647559.5,4647559.5,4647541.8,4647577.2,2,-202.00,0.176,3,saturated
135,4647601.0,4647559.5,4647432.8,4647905.2,4,-308.12,1.533,3,saturated
136,4647237.0,4647237.0,4646950.0,4647424.0,5,-146.62,3.233,3,saturated
137,4646657.0,4646657.0,4646657.0,4646657.0,1,-139.30,0.000,3,saturated
138,4646973.0,4646657.0,4646797.0,4647205.8,8,-130.40,3.135,3,saturated
140,4646904.5,4646657.0,4646396.0,4647181.2,6,1.30,604.038,3,saturated
141,4646585.0,4646585.0,4646147.5,4646818.5,3,-184.00,3.647,3,saturated
142,4646663.5,4646585.0,4646599.8,4646727.2,2,-210.88,0.605,3,saturated
143,4646053.0,4646053.0,4645733.8,4646601.8,6,-150.25,5.777,3,saturated
144,4646061.0,4646053.0,4646035.5,4646146.0,3,-161.88,0.683,3,saturated
145,4645984.0,4645984.0,4645936.0,4646377.0,5,-61.50,7.171,3,saturated
146,4646016.0,4645984.0,4645810.5,4646105.5,3,4.62,63.784,3,saturated
147,4645807.0,4645807.0,4645807.0,4645807.0,1,-84.12,0.000,3,saturated
148,4646079.5,4645807.0,4645639.8,4646376.0,6,-94.38,7.801,3,saturated
149,4645647.5,4645647.5,4645576.2,4645718.8,2,-160.50,0.888,3,saturated
150,4645638.5,4645638.5,4645119.5,4645977.5,6,-121.12,7.084,3,saturated
151,4645165.0,4645165.0,4645147.5,4645197.5,3,-106.12,0.471,3,saturated
152,4645595.0,4645165.0,4645040.5,4645744.5,3,-144.50,4.872,3,saturated
153,4645223.0,4645165.0,4644912.2,4645385.2,6,1.40,337.857,3,saturated
155,4644916.0,4644916.0,4644308.8,4645486.5,6,-176.40,6.677,3,saturated
156,4645172.0,4644916.0,4644831.5,4645176.5,3,-145.60,2.370,3,saturated
157,4644713.0,4644713.0,4644426.0,4644890.2,4,-53.25,8.718,3,saturated
158,4644495.0,4644495.0,4644288.2,4644733.8,4,-160.75,2.771,3,saturated
159,4644703.0,4644495.0,4644170.5,4645100.5,3,-176.00,5.284,3,saturated
160,4644529.0,4644495.0,4644499.0,4644646.0,5,-80.75,1.820,3,saturated
161,4644009.0,4644009.0,4644009.0,4644009.0,1,-80.50,0.000,3,saturated
162,4644172.0,4644009.0,4644020.5,4644424.0,7,-114.00,3.539,3,saturated
163,4644381.0,4644009.0,4644381.0,4644381.0,1,88.25,0.000,3,saturated
164,4644073.0,4644009.0,4643935.0,4644162.0,5,27.25,8.330,3,saturated
165,4644362.0,4644009.0,4644251.0,4644386.0,3,-126.88,1.064,3,saturated
166,4644281.0,4644009.0,4644043.0,4644371.5,3,-21.38,15.368,3,saturated
167,4643873.5,4643873.5,4643490.5,4644185.8,4,-215.75,3.222,3,saturated
168,4643987.5,4643873.5,4643766.5,4644152.2,4,-62.38,6.184,3,saturated
169,4643499.0,4643499.0,4643303.0,4643718.8,4,-47.88,8.684,3,saturated
170,4644031.5,4643499.0,4644022.8,4644040.2,2,-125.62,0.139,3,saturated
171,4643682.0,4643499.0,4643558.8,4643803.0,4,14.88,16.420,3,saturated
172,4643485.0,4643485.0,4643206.0,4643791.0,4,-265.12,2.207,3,saturated
173,4643558.5,4643485.0,4643540.8,4643576.2,2,-51.75,0.686,3,saturated
174,4642971.0,4642971.0,4642932.0,4643175.0,5,-94.00,2.585,3,saturated
175,4643475.0,4642971.0,4643447.5,4643612.0,3,-18.12,9.076,3,saturated
176,4643109.0,4642971.0,4643047.0,4643377.0,5,-15.38,21.463,3,saturated
177,4643486.0,4642971.0,4643312.0,4643660.0,2,-30.00,11.600,3,saturated
178,4642909.5,4642909.5,4642606.8,4643169.5,4,68.25,8.245,3,saturated
179,4643355.0,4642909.5,4642712.0,4643435.0,5,-91.62,7.891,3,saturated
180,4643382.0,4642909.5,4643382.0,4643382.0,1,50.38,0.000,3,saturated
181,4643119.5,4642909.5,4642875.2,4643260.0,4,-10.00,38.475,3,saturated
182,4643111.0,4642909.5,4642961.8,4643293.5,4,-132.25,2.509,3,saturated
183,4643315.0,4642909.5,4642838.5,4643328.5,3,50.88,9.631,3,saturated
184,4642853.0,4642853.0,4642709.0,4643036.8,6,-0.75,999.000,3,saturated
185,4643323.0,4642853.0,4643323.0,4643323.0,1,-168.75,0.000,3,saturated
186,4643108.0,4642853.0,4643043.0,4643235.0,5,8.00,24.000,3,saturated
187,4642640.0,4642640.0,4642497.5,4642969.0,3,-56.25,8.382,3,saturated
188,4642885.0,4642640.0,4642854.5,4642890.0,3,-113.12,0.314,3,saturated
189,4643098.0,4642640.0,4642955.2,4643159.2,4,105.00,1.943,3,saturated
190,4642655.5,4642640.0,4642578.5,4642663.5,4,-98.50,0.863,3,saturated
191,4643060.0,4642640.0,4643027.5,4643127.0,3,-28.50,3.491,3,saturated
192,4642491.0,4642491.0,4642094.0,4642516.0,5,23.12,18.249,3,saturated
193,4642984.0,4642491.0,4642984.0,4642984.0,1,-154.50,0.000,3,saturated
194,4642748.0,4642491.0,4642654.0,4642919.0,5,29.75,8.908,3,saturated
195,4642442.0,4642442.0,4642405.5,4642602.0,3,-120.25,1.634,3,saturated
196,4642610.0,4642442.0,4642594.5,4642709.0,3,-97.25,1.177,3,saturated
197,4642503.0,4642442.0,4642314.0,4642641.0,5,135.38,2.416,3,saturated
198,4642359.0,4642359.0,4642278.5,4642439.5,2,-10.25,15.707,3,saturated
199,4642983.5,4642359.0,4642880.2,4643086.8,2,130.62,1.581,3,saturated
200,4642569.0,4642359.0,4642186.5,4642706.0,7,-22.62,22.961,3,saturated
201,4643025.5,4642359.0,4642999.8,4643051.2,2,-260.62,0.198,3,saturated
202,4642268.5,4642268.5,4642033.2,4642488.2,4,72.62,6.265,3,saturated
203,4641941.0,4641941.0,4641937.0,4642174.5,3,-206.50,1.150,3,saturated
204,4642859.5,4641941.0,4642806.2,4642912.8,2,138.25,0.770,3,saturated
205,4642199.5,4641941.0,4641741.0,4642574.0,6,40.50,20.568,3,saturated
206,4642821.5,4641941.0,4642789.2,4642853.8,2,-177.12,0.364,3,saturated
207,4642103.0,4641941.0,4642090.0,4642325.5,3,38.00,6.197,3,saturated
208,4642151.0,4641941.0,4642029.0,4642215.0,5,-170.50,1.091,3,saturated
209,4642351.5,4641941.0,4642188.8,4642514.2,2,-7.50,43.400,3,saturated
210,4642139.5,4641941.0,4641966.0,4642369.2,6,-12.25,32.918,3,saturated
211,4642073.0,4641941.0,4642073.0,4642073.0,1,-43.62,0.000,3,saturated
212,4642102.0,4641941.0,4642036.5,4642240.0,3,-10.62,19.153,3,saturated
213,4642177.0,4641941.0,4641903.0,4642334.0,5,54.25,7.945,3,saturated
214,4642097.0,4641941.0,4641896.5,4642175.5,4,-78.88,3.537,3,saturated
215,4642290.0,4641941.0,4642290.0,4642290.0,1,-25.50,0.000,3,saturated
216,4641786.5,4641786.5,4641619.2,4642189.2,6,-115.75,4.924,3,saturated
217,4642075.0,4641786.5,4642033.5,4642079.5,3,-90.25,0.510,3,saturated
218,4641634.0,4641634.0,4641416.0,4642042.0,3,88.88,7.044,3,saturated
219,4641929.0,4641634.0,4641704.0,4642040.0,3,-126.75,2.651,3,saturated
220,4642142.0,4641634.0,4642074.5,4642170.5,3,91.75,1.046,3,saturated
221,4641568.0,4641568.0,4641432.0,4642287.0,5,-55.25,15.475,3,saturated
222,4642001.0,4641568.0,4641957.5,4642058.5,3,-135.25,0.747,3,saturated
223,4641708.0,4641568.0,4641662.0,4641739.0,3,188.50,0.408,3,saturated
224,4641601.0,4641568.0,4641527.0,4641927.0,5,-131.50,3.042,3,saturated
225,4642322.0,4641568.0,4642322.0,4642322.0,1,57.62,0.000,3,saturated
226,4641475.0,4641475.0,4641392.0,4642093.0,5,-36.75,19.075,3,saturated
227,4641938.5,4641475.0,4641795.0,4642211.2,4,-148.75,2.798,3,saturated
228,4641454.0,4641454.0,4641246.0,4641662.0,2,101.25,4.109,3,saturated
229,4641727.0,4641454.0,4641509.0,4641967.0,5,-0.88,999.000,3,saturated
230,4641880.0,4641454.0,4641689.0,4642071.0,2,111.38,3.430,3,saturated
231,4641935.0,4641454.0,4641847.2,4641998.5,4,-65.25,2.318,3,saturated
232,4641899.5,4641454.0,4641552.2,4642326.2,4,-78.38,9.876,3,saturated
233,4641466.0,4641454.0,4641316.0,4641722.0,3,-49.75,8.161,3,saturated
234,4641566.5,4641454.0,4641546.0,4641719.0,4,-63.50,2.724,3,saturated
235,4641736.0,4641454.0,4641471.5,4641967.0,3,102.50,4.834,3,saturated
236,4641645.5,4641454.0,4641332.5,4641935.2,4,-6.38,94.549,3,saturated
237,4641876.0,4641454.0,4641568.0,4641909.5,3,-7.38,46.305,3,saturated
238,4641541.0,4641454.0,4641305.0,4641787.5,3,-12.12,39.794,3,saturated
239,4641706.5,4641454.0,4641584.2,4641815.2,4,-64.00,3.609,3,saturated
240,4641597.0,4641454.0,4641363.8,4641815.0,4,86.38,5.224,3,saturated
241,4641620.0,4641454.0,4641603.5,4641963.5,3,4.12,87.273,3,saturated
242,4641886.5,4641454.0,4641459.0,4642246.2,4,37.50,20.993,3,saturated
243,4641723.0,4641454.0,4641635.0,4641953.0,3,26.88,11.833,3,saturated
244,4641747.0,4641454.0,4641461.0,4641811.0,5,-94.50,3.704,3,saturated
245,4641727.5,4641454.0,4641468.8,4641986.2,2,-32.50,15.923,3,saturated
246,4641508.5,4641454.0,4641399.2,4641727.0,4,29.00,11.302,3,saturated
247,4641593.0,4641454.0,4641214.0,4641612.5,3,-32.88,12.122,3,saturated
248,4641863.0,4641454.0,4641573.2,4642072.0,4,48.88,10.205,3,saturated
249,4641596.0,4641454.0,4641244.5,4641953.2,4,-14.88,47.647,3,saturated
250,4641704.0,4641454.0,4641596.5,4641785.5,3,-94.50,2.000,3,saturated
251,4641533.5,4641454.0,4641229.5,4641679.2,4,-21.25,21.165,3,saturated
252,4641485.0,4641454.0,4641382.0,4641588.0,2,-142.00,1.451,3,saturated
253,4641511.0,4641454.0,4641130.0,4641597.0,5,76.00,6.145,3,saturated
254,4641136.0,4641136.0,4641112.5,4641602.0,3,-4.00,122.375,3,saturated
255,4641837.5,4641136.0,4641778.2,4641896.8,2,-30.00,3.950,3,saturated
256,4641469.0,4641136.0,4641434.5,4641524.5,6,110.75,0.813,3,saturated
257,4641391.0,4641136.0,4641115.5,4641666.5,2,-122.12,4.512,3,saturated
258,4641579.0,4641136.0,4640907.0,4641719.0,5,5.25,154.667,3,saturated
259,4641349.0,4641136.0,4641149.0,4641549.0,2,-16.50,24.242,3,saturated
260,4641490.0,4641136.0,4641407.8,4641609.8,6,2.12,95.059,3,saturated
261,4641325.0,4641136.0,4641055.5,4641594.5,2,61.50,8.764,3,saturated
262,4641587.5,4641136.0,4641543.0,4641646.2,4,5.00,20.650,3,saturated
263,4641595.0,4641136.0,4641251.5,4641661.0,3,176.25,2.323,3,saturated
264,4641510.0,4641136.0,4641266.5,4641542.5,3,35.12,7.858,3,saturated
265,4642030.0,4641136.0,4641500.0,4642063.0,5,-58.62,9.603,3,saturated
266,4641728.0,4641136.0,4641253.0,4642111.5,3,12.25,70.082,3,saturated
267,4641360.5,4641136.0,4641187.8,4641441.2,4,-171.25,1.480,3,saturated
268,4641559.0,4641136.0,4641552.0,4641566.0,2,-6.38,2.196,3,saturated
269,4641345.0,4641136.0,4641120.0,4641703.0,5,78.12,7.462,3,saturated
270,4641702.5,4641136.0,4641602.0,4641819.2,4,-45.38,4.788,3,saturated
271,4641673.0,4641136.0,4641673.0,4641673.0,1,-14.00,0.000,3,saturated
272,4641377.5,4641136.0,4641119.8,4641604.0,8,-15.90,30.456,3,saturated
274,4641275.0,4641136.0,4640869.8,4641775.5,6,-39.80,22.758,3,saturated
275,4641623.0,4641136.0,4641306.5,4641655.5,3,17.60,19.830,3,saturated
276,4641474.0,4641136.0,4641278.0,4641670.0,2,-120.75,3.246,3,saturated
277,4641465.5,4641136.0,4641213.5,4641893.0,6,-50.00,13.590,3,saturated
278,4640792.0,4640792.0,4640792.0,4640792.0,1,35.00,0.000,3,saturated
279,4641423.0,4640792.0,4641332.8,4641484.8,6,91.38,1.663,3,saturated
280,4641614.0,4640792.0,4641320.0,4641821.5,3,187.88,2.669,3,saturated
281,4641831.0,4640792.0,4641831.0,4641831.0,1,12.20,0.000,3,saturated
282,4641543.5,4640792.0,4641114.5,4641725.2,8,22.80,26.787,3,saturated
284,4641484.0,4640792.0,4640905.8,4641790.0,6,-54.80,16.136,3,saturated
285,4641728.0,4640792.0,4641072.5,4641896.5,3,-141.50,5.823,3,saturated
286,4641557.0,4640792.0,4641523.0,4641658.0,5,35.00,3.857,3,saturated
287,4640836.0,4640792.0,4640834.5,4641250.5,3,-208.75,1.993,3,saturated
288,4641624.0,4640792.0,4641339.0,4641849.0,5,-1.75,291.429,3,saturated
289,4640893.0,4640792.0,4640832.0,4641220.5,3,140.00,2.775,3,saturated
290,4641550.0,4640792.0,4641550.0,4641550.0,1,-61.12,0.000,3,saturated
291,4641396.0,4640792.0,4641208.0,4641791.5,7,128.88,4.528,3,saturated
292,4641379.5,4640792.0,4641167.2,4641591.8,2,-112.62,3.769,3,saturated
293,4641408.5,4640792.0,4641123.8,4641712.0,6,-22.00,26.739,3,saturated
294,4641099.5,4640792.0,4641083.2,4641115.8,2,34.50,0.942,3,saturated
295,4641308.0,4640792.0,4641269.0,4641805.0,5,-44.38,12.079,3,saturated
296,4641517.5,4640792.0,4641355.8,4641679.2,2,31.88,10.149,3,saturated
297,4641231.0,4640792.0,4641085.0,4641673.0,5,-98.00,6.000,3,saturated
298,4641227.0,4640792.0,4641082.8,4641466.5,4,14.25,26.930,3,saturated
299,4640916.0,4640792.0,4640827.0,4641005.0,2,-102.50,1.737,3,saturated
300,4641574.5,4640792.0,4641430.8,4641678.5,6,77.75,3.186,3,saturated
301,4640821.0,4640792.0,4640796.5,4641013.5,3,53.75,4.037,3,saturated
302,4641538.0,4640792.0,4641476.0,4641594.0,5,-23.00,5.130,3,saturated
303,4641131.0,4640792.0,4640869.0,4641393.0,2,28.25,18.549,3,saturated
304,4641482.5,4640792.0,4641173.2,4641705.5,6,-49.88,10.672,3,saturated
305,4640934.0,4640792.0,4640795.5,4641403.0,3,46.00,13.207,3,saturated
306,4641338.5,4640792.0,4641203.5,4641467.2,4,-17.50,15.071,3,saturated
307,4641315.0,4640792.0,4641282.0,4641475.0,5,146.75,1.315,3,saturated
308,4641412.5,4640792.0,4641201.5,4641518.8,4,22.62,14.022,3,saturated
309,4641521.0,4640792.0,4641207.5,4641741.5,3,38.00,14.053,3,saturated
310,4641429.0,4640792.0,4641304.8,4641548.5,4,8.25,29.545,3,saturated
