distance_mm,dch1_median,dch1_mono,dch1_p25,dch1_p75,n,slope_per_mm,est_res_mm,quality,quality_name
0,-1272.5,-1272.5,-13491.0,0.0,9,-233239.75,0.058,0,good
1,-190277.5,-190277.5,-201886.0,-156258.2,8,-262548.83,0.174,0,good
2,-467752.0,-467752.0,-520073.0,-343841.0,9,-243293.62,0.724,0,good
3,-788919.0,-788919.0,-824425.5,-670516.5,7,-250635.44,0.614,0,good
4,-974447.0,-974447.0,-1011120.0,-939553.0,6,-224359.12,0.319,0,good
5,-1192819.2,-1192819.2,-1242303.0,-1142542.4,6,-178748.25,0.558,0,good
6,-1365188.5,-1365188.5,-1405207.5,-1310638.2,6,-171960.56,0.550,0,good
7,-1503912.0,-1503912.0,-1522065.0,-1496784.0,5,-139721.69,0.181,0,good
8,-1662289.2,-1662289.2,-1725415.2,-1647914.4,8,-132719.12,0.584,0,good
9,-1751706.0,-1751706.0,-1770304.5,-1742087.0,3,-105504.69,0.267,0,good
10,-1896065.0,-1896065.0,-1903517.0,-1867723.2,7,-93287.69,0.384,0,good
11,-1925930.8,-1925930.8,-1955098.1,-1909545.8,4,-91150.75,0.500,0,good
12,-2035440.0,-2035440.0,-2046307.2,-2029613.5,7,-66873.31,0.250,0,good
13,-2116309.0,-2116309.0,-2119932.5,-2099480.5,3,-71224.56,0.287,0,good
14,-2163558.2,-2163558.2,-2173981.1,-2157357.5,6,-60530.50,0.275,0,good
15,-2210829.0,-2210829.0,-2223987.5,-2204678.0,4,-43986.62,0.439,0,good
16,-2277562.0,-2277562.0,-2283079.5,-2262621.8,7,-49076.88,0.417,0,good
17,-2292255.5,-2292255.5,-2312336.2,-2286622.2,3,-42691.88,0.602,0,good
18,-2359865.8,-2359865.8,-2369615.5,-2349668.6,6,-37613.12,0.530,0,good
19,-2381596.5,-2381596.5,-2404197.2,-2359561.4,4,-40769.50,1.095,0,good
20,-2428014.5,-2428014.5,-2431984.0,-2424471.0,5,-31639.56,0.237,0,good
21,-2455333.5,-2455333.5,-2459234.2,-2449613.2,4,-35402.88,0.272,0,good
22,-2486424.0,-2486424.0,-2487338.5,-2478802.0,5,-25212.38,0.339,0,good
23,-2523208.0,-2523208.0,-2527175.2,-2520754.5,4,-29949.62,0.214,0,good
24,-2528864.0,-2528864.0,-2541044.5,-2510872.5,5,-21904.00,1.377,0,good
25,-2575132.0,-2575132.0,-2580104.0,-2574113.0,5,-22353.75,0.268,0,good
26,-2574040.0,-2575132.0,-2580079.9,-2565522.4,4,-23091.00,0.630,0,good
27,-2612623.0,-2612623.0,-2614509.2,-2605792.4,4,-17933.38,0.486,0,good
28,-2621228.0,-2621228.0,-2625270.5,-2605209.0,5,-21278.62,0.943,0,good
29,-2646865.5,-2646865.5,-2651482.0,-2637564.4,4,-17189.25,0.810,0,good
30,-2659154.5,-2659154.5,-2666208.0,-2637383.0,5,-17525.75,1.645,0,good
31,-2681380.0,-2681380.0,-2684320.0,-2669117.0,5,-15474.62,0.982,0,good
32,-2691331.0,-2691331.0,-2699645.0,-2663679.0,5,-9351.75,3.846,1,fair
33,-2708764.0,-2708764.0,-2709498.5,-2690382.8,3,-13374.00,1.429,0,good
34,-2696561.5,-2708764.0,-2714625.0,-2690626.0,5,-8330.19,2.881,1,fair
35,-2734876.0,-2734876.0,-2735459.0,-2732211.0,5,-11853.50,0.274,0,good
36,-2724651.8,-2734876.0,-2734887.6,-2715958.4,4,-11772.62,1.608,0,good
37,-2756178.0,-2756178.0,-2758532.0,-2755936.0,5,-9352.50,0.278,0,good
38,-2743652.0,-2756178.0,-2753863.6,-2735502.9,4,-13984.69,1.313,0,good
39,-2772286.0,-2772286.0,-2775807.8,-2763438.8,4,-7950.75,1.556,0,good
40,-2780590.5,-2780590.5,-2782616.0,-2755242.0,5,-10069.69,2.718,1,fair
41,-2787981.0,-2787981.0,-2793640.2,-2777718.2,4,-7516.75,2.118,1,fair
42,-2783930.8,-2787981.0,-2799629.4,-2770126.1,4,-1320.88,22.336,3,saturated
43,-2802353.0,-2802353.0,-2808891.0,-2796499.0,5,-8392.00,1.477,1,fair
44,-2785874.0,-2802353.0,-2799169.2,-2782632.2,3,-7278.75,2.272,1,fair
45,-2821549.0,-2821549.0,-2824078.0,-2801285.8,7,-6209.62,3.670,1,fair
46,-2813045.8,-2821549.0,-2819702.6,-2806388.9,2,-12692.75,1.049,1,fair
47,-2827191.5,-2827191.5,-2836198.2,-2807892.5,6,-253.75,111.550,3,saturated
48,-2836645.0,-2836645.0,-2837283.2,-2823782.5,3,-8843.75,1.527,1,fair
49,-2822564.0,-2836645.0,-2835072.5,-2814407.9,4,442.12,46.739,3,saturated
50,-2848420.8,-2848420.8,-2851232.6,-2841796.2,6,-5150.75,1.832,1,fair
51,-2825423.0,-2848420.8,-2842090.5,-2824400.2,3,-2877.50,6.148,1,fair
52,-2857248.0,-2857248.0,-2858878.5,-2848243.0,5,-4482.31,2.373,1,fair
53,-2834074.0,-2857248.0,-2848405.5,-2833377.2,3,-4234.50,3.549,1,fair
54,-2866350.0,-2866350.0,-2866753.0,-2856362.0,5,-4072.25,2.552,1,fair
55,-2842361.0,-2866350.0,-2860492.5,-2841147.2,3,-5084.75,3.805,1,fair
56,-2873537.0,-2873537.0,-2874503.0,-2863950.0,5,-3903.00,2.704,1,fair
57,-2854413.0,-2873537.0,-2876034.5,-2849233.0,5,-6929.62,3.868,1,fair
58,-2881962.0,-2881962.0,-2883228.5,-2876456.5,3,-3834.50,1.766,1,fair
59,-2870079.5,-2881962.0,-2883337.1,-2856052.6,4,-2973.50,9.176,2,poor
60,-2888875.0,-2888875.0,-2890654.0,-2877140.0,5,-3802.25,3.554,1,fair
61,-2866307.0,-2888875.0,-2890157.5,-2862718.0,5,-2951.25,9.298,2,poor
62,-2897171.0,-2897171.0,-2899698.0,-2889936.0,3,-2390.75,4.083,1,fair
63,-2881884.5,-2897171.0,-2895412.9,-2867564.4,4,-5144.06,5.414,1,fair
64,-2898438.0,-2898438.0,-2902666.0,-2886830.0,5,1101.75,14.373,2,poor
65,-2886883.2,-2898438.0,-2900536.6,-2872525.1,4,-6121.12,4.576,1,fair
66,-2892764.0,-2898438.0,-2902808.0,-2884377.5,3,2346.62,7.854,1,fair
67,-2906369.0,-2906369.0,-2907221.5,-2905879.5,3,-6433.44,0.209,1,fair
68,-2889051.5,-2906369.0,-2903532.6,-2878661.2,6,-3184.81,7.809,1,fair
69,-2912617.0,-2912617.0,-2912617.0,-2912617.0,1,-2619.75,0.000,1,fair
70,-2905503.2,-2912617.0,-2910481.8,-2884502.8,8,-3817.12,6.806,1,fair
71,-2916848.0,-2916848.0,-2916848.0,-2916848.0,1,-2433.75,0.000,1,fair
72,-2904320.0,-2916848.0,-2914492.2,-2887422.5,7,1369.44,19.767,2,poor
73,-2922352.0,-2922352.0,-2923146.5,-2921557.5,2,-1941.88,0.818,1,fair
74,-2900025.5,-2922352.0,-2915680.1,-2890597.8,6,2173.00,11.543,2,poor
75,-2924615.5,-2924615.5,-2926719.2,-2922511.8,2,117.38,35.847,3,saturated
76,-2895628.0,-2924615.5,-2921846.0,-2893084.0,5,-1501.50,19.156,2,poor
77,-2921882.5,-2924615.5,-2926793.8,-2916289.2,3,-70.12,149.797,3,saturated
78,-2906031.5,-2924615.5,-2921477.5,-2896431.8,6,-1073.88,23.323,3,saturated
79,-2924896.0,-2924896.0,-2929470.0,-2924622.8,3,-1490.00,3.253,1,fair
80,-2899923.5,-2924896.0,-2908565.5,-2897508.9,4,475.88,23.234,3,saturated
81,-2927842.5,-2927842.5,-2930426.2,-2924667.2,4,-1402.75,4.106,2,poor
82,-2904128.0,-2927842.5,-2926561.5,-2901019.0,5,-4547.94,5.616,2,poor
83,-2930507.0,-2930507.0,-2935069.5,-2924569.5,3,11.75,893.617,3,saturated
84,-2918115.2,-2930507.0,-2930291.6,-2904500.9,4,-6915.12,3.730,2,poor
85,-2927795.5,-2930507.0,-2936530.5,-2916273.5,4,132.50,152.883,3,saturated
86,-2931788.5,-2931788.5,-2932112.0,-2907705.0,5,-4038.94,6.043,2,poor
87,-2929977.0,-2931788.5,-2939068.8,-2918181.0,4,-586.25,35.629,3,saturated
88,-2934271.0,-2934271.0,-2934569.2,-2921666.5,3,1897.25,6.801,2,poor
89,-2930140.5,-2934271.0,-2938561.5,-2911619.2,6,1163.25,23.161,3,saturated
90,-2924199.5,-2934271.0,-2930481.2,-2917917.8,2,-1222.50,10.277,2,poor
91,-2925324.0,-2934271.0,-2936425.5,-2909230.0,5,748.88,36.315,3,saturated
92,-2939161.0,-2939161.0,-2940525.5,-2938872.5,3,-799.38,2.068,2,poor
93,-2927145.0,-2939161.0,-2938135.5,-2913564.0,5,-2210.75,11.115,2,poor
94,-2927397.0,-2939161.0,-2935498.0,-2919296.0,2,-266.62,60.767,3,saturated
95,-2934167.0,-2939161.0,-2940240.2,-2918148.8,6,992.88,22.250,3,saturated
96,-2940227.5,-2940227.5,-2942451.2,-2926436.2,3,-3484.06,4.597,2,poor
97,-2923173.5,-2940227.5,-2932785.0,-2914831.6,4,-1016.38,17.664,2,poor
98,-2941333.2,-2941333.2,-2944651.0,-2933739.1,4,-564.00,19.347,2,poor
99,-2938232.5,-2941333.2,-2947320.5,-2927431.0,4,-2170.12,9.165,2,poor
100,-2942483.5,-2942483.5,-2943205.0,-2915644.0,5,-574.31,47.990,3,saturated
101,-2931854.0,-2942483.5,-2939630.5,-2925252.0,3,2941.75,4.888,2,poor
102,-2943630.5,-2943630.5,-2944371.0,-2916606.0,5,-827.38,33.558,3,saturated
103,-2926465.5,-2943630.5,-2929625.8,-2923305.2,2,-1897.81,3.330,2,poor
104,-2945793.0,-2945793.0,-2948178.5,-2924056.0,6,2376.62,10.150,2,poor
105,-2939445.2,-2945793.0,-2942199.9,-2936690.6,2,-4827.50,1.141,2,poor
106,-2934124.0,-2945793.0,-2949266.0,-2919249.8,6,2364.75,12.693,2,poor
107,-2945775.5,-2945793.0,-2946134.2,-2940515.8,3,-1822.56,3.083,2,poor
108,-2936334.0,-2945793.0,-2952266.0,-2920205.4,4,2672.25,11.998,2,poor
109,-2946735.5,-2946735.5,-2947535.0,-2935946.0,5,763.38,15.181,2,poor
110,-2923435.0,-2946735.5,-2940290.0,-2919971.2,3,-3095.06,6.565,2,poor
111,-2942722.0,-2946735.5,-2949501.8,-2932699.8,4,6461.62,2.600,2,poor
112,-2948714.2,-2948714.2,-2951609.0,-2941820.4,4,-6237.38,1.569,2,poor
113,-2920889.0,-2948714.2,-2936932.5,-2919196.8,3,2107.06,8.417,2,poor
114,-2948384.5,-2948714.2,-2949856.0,-2937214.0,5,-131.31,96.274,3,saturated
115,-2934293.8,-2948714.2,-2942166.9,-2926420.6,2,482.12,32.660,3,saturated
116,-2949239.5,-2949239.5,-2952064.5,-2931670.0,7,-774.12,26.345,3,saturated
117,-2918960.5,-2949239.5,-2918960.5,-2918960.5,1,-886.25,0.000,2,poor
118,-2951481.0,-2951481.0,-2953894.0,-2939159.0,5,522.38,28.208,3,saturated
119,-2937838.8,-2951481.0,-2950061.6,-2924446.1,4,-7982.44,3.209,2,poor
120,-2947150.0,-2951481.0,-2956020.5,-2935617.2,4,4877.00,4.184,2,poor
121,-2950890.2,-2951481.0,-2951767.5,-2944387.6,4,-3739.06,1.974,3,saturated
122,-2931973.0,-2951481.0,-2945437.0,-2923058.9,4,307.44,72.789,3,saturated
123,-2952795.0,-2952795.0,-2954134.5,-2939904.5,3,2221.94,6.404,3,saturated
124,-2945920.2,-2952795.0,-2952039.1,-2928160.2,6,-5011.62,4.765,3,saturated
125,-2942002.5,-2952795.0,-2949092.2,-2934912.8,2,6156.25,2.303,3,saturated
126,-2952019.5,-2952795.0,-2953071.0,-2941474.0,5,-1778.38,6.521,3,saturated
127,-2928170.0,-2952795.0,-2944958.0,-2926398.0,3,581.38,31.924,3,saturated
128,-2953033.8,-2953033.8,-2954181.2,-2949896.9,4,2330.88,1.838,3,saturated
129,-2939677.0,-2953033.8,-2956436.5,-2924274.6,4,-4938.19,6.513,3,saturated
130,-2942696.0,-2953033.8,-2949718.0,-2935674.0,2,2728.44,5.147,3,saturated
131,-2947922.8,-2953033.8,-2953417.9,-2930051.5,6,-3632.44,6.433,3,saturated
132,-2942120.0,-2953033.8,-2948368.5,-2935871.5,2,3676.00,3.400,3,saturated
133,-2954206.8,-2954206.8,-2956786.5,-2945478.9,6,-2194.44,5.153,3,saturated
134,-2927992.0,-2954206.8,-2928911.5,-2927072.5,2,3000.50,0.613,3,saturated
135,-2956700.5,-2956700.5,-2959273.5,-2952465.0,4,2530.94,2.690,3,saturated
136,-2930118.0,-2956700.5,-2954467.5,-2926324.0,5,-6750.56,4.169,3,saturated
137,-2944083.0,-2956700.5,-2944083.0,-2944083.0,1,276.35,0.000,3,saturated
138,-2954994.2,-2956700.5,-2956882.5,-2929492.2,8,-37.00,740.277,3,saturated
140,-2955318.8,-2956700.5,-2958271.8,-2946571.6,6,-2046.00,5.719,3,saturated
141,-2930303.0,-2956700.5,-2943346.5,-2929170.5,3,2382.70,5.950,3,saturated
142,-2954313.0,-2956700.5,-2959495.0,-2949131.0,2,-411.56,25.182,3,saturated
143,-2943080.8,-2956700.5,-2955901.9,-2928916.0,6,-267.00,101.071,3,saturated
144,-2956965.0,-2956965.0,-2960973.5,-2950822.0,3,-227.38,44.647,3,saturated
145,-2931371.0,-2956965.0,-2956152.0,-2927812.0,5,-3521.81,8.047,3,saturated
146,-2955222.5,-2956965.0,-2960415.2,-2949973.2,3,3390.69,3.080,3,saturated
147,-2957168.0,-2957168.0,-2957168.0,-2957168.0,1,-5989.50,0.000,3,saturated
148,-2943402.2,-2957168.0,-2956093.6,-2928696.0,6,2810.12,9.750,3,saturated
149,-2955329.0,-2957168.0,-2960518.5,-2950139.5,2,228.88,45.348,3,saturated
150,-2943982.0,-2957168.0,-2957583.2,-2929154.5,6,2910.56,9.767,3,saturated
151,-2956252.5,-2957168.0,-2961167.8,-2950881.2,3,-411.81,24.979,3,saturated
152,-2931760.0,-2957168.0,-2946019.0,-2928679.2,3,-108.20,160.256,3,saturated
153,-2956976.2,-2957168.0,-2957478.2,-2948333.4,6,-134.80,67.840,3,saturated
155,-2944523.0,-2957168.0,-2959502.5,-2929850.2,6,184.30,160.891,3,saturated
156,-2956926.5,-2957168.0,-2957360.2,-2951247.2,3,-100.40,60.886,3,saturated
157,-2930838.5,-2957168.0,-2939669.0,-2928406.1,4,2967.75,3.795,3,saturated
158,-2957478.2,-2957478.2,-2960146.2,-2954279.9,4,-275.88,21.265,3,saturated
159,-2932652.0,-2957478.2,-2945064.5,-2929549.2,3,-6642.50,2.336,3,saturated
160,-2958030.0,-2958030.0,-2961349.0,-2946211.0,5,2787.81,5.430,3,saturated
161,-2957408.5,-2958030.0,-2957408.5,-2957408.5,1,-6374.00,0.000,3,saturated
162,-2946327.0,-2958030.0,-2960069.5,-2931248.0,7,6209.25,4.642,3,saturated
163,-2958148.0,-2958148.0,-2958148.0,-2958148.0,1,-356.62,0.000,3,saturated
164,-2933193.0,-2958148.0,-2957482.5,-2929675.0,5,-2821.38,9.856,3,saturated
165,-2958835.0,-2958835.0,-2960298.5,-2952606.5,3,5031.62,1.529,3,saturated
166,-2957612.5,-2958835.0,-2957930.2,-2945252.8,3,-6392.88,1.983,3,saturated
167,-2938021.5,-2958835.0,-2951736.8,-2928928.4,4,6772.00,3.368,3,saturated
168,-2958764.5,-2958835.0,-2959777.2,-2958329.4,4,797.00,1.817,3,saturated
169,-2931747.0,-2958835.0,-2941996.2,-2929328.1,4,-5067.44,2.500,3,saturated
170,-2954424.5,-2958835.0,-2958291.2,-2950557.8,2,5100.12,1.516,3,saturated
171,-2958291.2,-2958835.0,-2958915.2,-2951765.4,4,-7261.25,0.985,3,saturated
172,-2938364.0,-2958835.0,-2952059.8,-2929238.6,4,5128.62,4.450,3,saturated
173,-2960792.0,-2960792.0,-2961685.0,-2959899.0,2,-315.94,5.653,3,saturated
174,-2933910.0,-2960792.0,-2958485.5,-2930777.0,5,-4986.12,5.557,3,saturated
175,-2959555.0,-2960792.0,-2960989.0,-2953410.0,3,5508.50,1.376,3,saturated
176,-2958308.5,-2960792.0,-2959152.0,-2933794.0,5,-6894.75,3.678,3,saturated
177,-2938758.0,-2960792.0,-2942832.0,-2934684.0,2,3172.00,2.569,3,saturated
178,-2961489.0,-2961489.0,-2964304.2,-2953746.8,4,-1120.38,9.423,3,saturated
179,-2946867.0,-2961489.0,-2958705.5,-2930393.0,5,-5171.62,5.475,3,saturated
180,-2962790.0,-2962790.0,-2962790.0,-2962790.0,1,5661.25,0.000,3,saturated
181,-2959444.5,-2962790.0,-2962159.2,-2952787.5,4,-3990.75,2.348,3,saturated
182,-2938844.0,-2962790.0,-2950333.6,-2929363.6,4,2391.06,8.770,3,saturated
183,-2962830.0,-2962830.0,-2965840.5,-2948435.0,3,-851.12,20.450,3,saturated
184,-2953225.8,-2962830.0,-2959220.4,-2935526.2,6,-2125.25,11.149,3,saturated
185,-2962849.0,-2962849.0,-2962849.0,-2962849.0,1,1013.12,0.000,3,saturated
186,-2947345.0,-2962849.0,-2959486.0,-2934247.0,5,-2515.31,10.034,3,saturated
187,-2958777.5,-2962849.0,-2959227.2,-2945085.2,3,2426.31,5.829,3,saturated
188,-2963287.0,-2963287.0,-2965838.0,-2948873.5,3,-38.38,442.072,3,saturated
189,-2953143.8,-2963287.0,-2959009.6,-2942310.4,4,2807.88,5.947,3,saturated
190,-2947498.5,-2963287.0,-2962380.2,-2933854.5,4,1096.38,26.018,3,saturated
191,-2947546.0,-2963287.0,-2955329.0,-2937317.8,3,-2511.06,7.173,3,saturated
192,-2958901.5,-2963287.0,-2959499.0,-2934864.0,5,-2849.00,8.647,3,saturated
193,-2963188.0,-2963287.0,-2963188.0,-2963188.0,1,3238.25,0.000,3,saturated
194,-2958894.5,-2963287.0,-2959453.0,-2948086.0,5,2685.12,4.233,3,saturated
195,-2934593.0,-2963287.0,-2951682.0,-2932986.0,3,825.00,22.662,3,saturated
196,-2948161.0,-2963287.0,-2955762.5,-2937817.8,3,4752.38,3.776,3,saturated
197,-2959888.0,-2963287.0,-2960661.0,-2958914.5,5,-2637.94,0.662,3,saturated
198,-2939885.0,-2963287.0,-2944052.5,-2935717.5,2,-2830.12,2.945,3,saturated
199,-2945144.8,-2963287.0,-2954063.4,-2936226.1,2,3696.31,4.826,3,saturated
200,-2959481.5,-2963287.0,-2959931.0,-2941458.0,7,-4968.31,3.718,3,saturated
201,-2945102.8,-2963287.0,-2954098.9,-2936106.6,2,-796.81,22.580,3,saturated
202,-2959758.2,-2963287.0,-2962327.2,-2953306.6,4,3553.19,2.539,3,saturated
203,-2948332.0,-2963287.0,-2954687.0,-2940069.5,3,-2227.12,6.563,3,saturated
204,-2945268.8,-2963287.0,-2954343.9,-2936193.6,2,3612.88,5.024,3,saturated
205,-2954011.2,-2963287.0,-2959802.1,-2938127.2,6,-3023.75,7.168,3,saturated
206,-2945306.8,-2963287.0,-2954360.9,-2936252.6,2,-830.06,21.816,3,saturated
207,-2960427.0,-2963287.0,-2964781.5,-2947839.5,3,-3082.44,5.496,3,saturated
208,-2948589.0,-2963287.0,-2959202.5,-2931918.0,5,-2105.12,12.961,3,saturated
209,-2966341.0,-2966341.0,-2967764.0,-2964918.0,2,8103.88,0.351,3,saturated
210,-2953727.2,-2966341.0,-2960102.4,-2938195.0,6,-3870.25,5.660,3,saturated
211,-2928011.5,-2966341.0,-2928011.5,-2928011.5,1,1775.12,0.000,3,saturated
212,-2964070.0,-2966341.0,-2966656.0,-2949523.5,3,1037.19,16.518,3,saturated
213,-2959240.5,-2966341.0,-2959880.0,-2948406.0,5,-5109.62,2.246,3,saturated
214,-2949578.5,-2966341.0,-2965403.8,-2933405.9,4,1010.06,31.679,3,saturated
215,-2948450.0,-2966341.0,-2948450.0,-2948450.0,1,2643.88,0.000,3,saturated
216,-2960029.8,-2966341.0,-2961153.0,-2939005.6,6,-2625.12,8.437,3,saturated
217,-2948665.0,-2966341.0,-2956422.5,-2941968.0,3,3311.50,4.365,3,saturated
218,-2960079.0,-2966341.0,-2960149.2,-2946096.5,3,-200.81,69.979,3,saturated
219,-2935204.0,-2966341.0,-2952469.0,-2931679.8,3,-2830.12,7.346,3,saturated
220,-2960833.0,-2966341.0,-2962403.0,-2954783.0,3,2835.00,2.688,3,saturated
221,-2959985.5,-2966341.0,-2960242.0,-2932180.0,5,-6538.75,4.292,3,saturated
222,-2948739.0,-2966341.0,-2956397.5,-2942090.0,3,2905.00,4.925,3,saturated
223,-2961359.0,-2966341.0,-2965432.0,-2946668.5,3,-966.12,19.421,3,saturated
224,-2949213.0,-2966341.0,-2960101.5,-2935754.0,5,-2835.38,8.587,3,saturated
225,-2963850.0,-2966341.0,-2963850.0,-2963850.0,1,1583.00,0.000,3,saturated
226,-2960080.5,-2966341.0,-2960436.0,-2932356.0,5,4.56,999.000,3,saturated
227,-2955027.0,-2966341.0,-2961563.0,-2945706.8,4,3769.25,4.207,3,saturated
228,-2949194.8,-2966341.0,-2959684.9,-2938704.6,2,-653.25,32.117,3,saturated
229,-2948773.0,-2966341.0,-2959905.0,-2935628.0,5,2193.75,11.066,3,saturated
230,-2962693.5,-2966341.0,-2963301.8,-2962085.2,2,-1246.12,0.976,3,saturated
231,-2946252.0,-2966341.0,-2962606.5,-2931128.4,4,-3184.00,9.886,3,saturated
232,-2954179.2,-2966341.0,-2960763.6,-2945357.8,4,5048.12,3.052,3,saturated
233,-2961509.0,-2966341.0,-2965778.0,-2944807.8,3,-4430.50,4.733,3,saturated
234,-2942501.0,-2966341.0,-2951968.2,-2934927.2,4,3370.44,5.056,3,saturated
235,-2963974.0,-2966341.0,-2966725.5,-2962092.2,3,337.88,13.713,3,saturated
236,-2940697.5,-2966341.0,-2952021.5,-2931440.6,4,-5409.25,3.805,3,saturated
237,-2960157.5,-2966341.0,-2960405.2,-2947784.8,3,5385.38,2.343,3,saturated
238,-2964138.0,-2966341.0,-2967141.0,-2946340.8,3,-5496.75,3.784,3,saturated
239,-2942432.5,-2966341.0,-2952124.0,-2934708.5,4,6097.38,2.856,3,saturated
240,-2962684.5,-2966341.0,-2965630.5,-2960916.6,4,965.81,4.881,3,saturated
241,-2935768.0,-2966341.0,-2942444.0,-2931772.8,3,-4748.88,2.247,3,saturated
242,-2960274.8,-2966341.0,-2962453.8,-2953229.1,4,3438.88,2.682,3,saturated
243,-2961428.0,-2966341.0,-2962708.5,-2944894.8,3,-2063.88,8.631,3,saturated
244,-2948929.0,-2966341.0,-2960782.0,-2934913.0,5,1231.44,21.007,3,saturated
245,-2944023.5,-2966341.0,-2952115.5,-2935931.5,2,132.75,121.913,3,saturated
246,-2955349.0,-2966341.0,-2962224.2,-2945817.5,4,-1435.06,11.433,3,saturated
247,-2960897.0,-2966341.0,-2965637.5,-2946526.0,3,-1040.50,18.368,3,saturated
248,-2954669.2,-2966341.0,-2961214.4,-2943776.1,4,-1144.88,15.232,3,saturated
249,-2948185.5,-2966341.0,-2963194.2,-2934712.2,4,993.62,28.665,3,saturated
250,-2959928.5,-2966341.0,-2960295.2,-2944154.5,3,2003.94,8.055,3,saturated
251,-2956922.5,-2966341.0,-2966008.5,-2945908.8,4,-239.38,83.968,3,saturated
252,-2946653.5,-2966341.0,-2953745.8,-2939561.2,2,-1043.88,13.588,3,saturated
253,-2949143.0,-2966341.0,-2960501.5,-2935659.0,5,3113.31,7.979,3,saturated
254,-2964104.0,-2966341.0,-2967090.5,-2948381.5,3,-3518.44,5.317,3,saturated
255,-2944469.2,-2966341.0,-2952521.1,-2936417.4,2,598.88,26.890,3,saturated
256,-2960727.2,-2966341.0,-2963463.5,-2951967.4,6,3735.75,3.077,3,saturated
257,-2946747.5,-2966341.0,-2953667.2,-2939827.8,2,-4688.81,2.952,3,saturated
258,-2949161.0,-2966341.0,-2960510.5,-2935490.0,5,4591.56,5.449,3,saturated
259,-2963224.5,-2966341.0,-2963823.8,-2962625.2,2,-3930.56,0.305,3,saturated
260,-2942361.0,-2966341.0,-2957897.2,-2933183.2,6,659.62,37.467,3,saturated
261,-2962469.8,-2966341.0,-2963388.9,-2961550.6,2,3519.88,0.522,3,saturated
262,-2946522.5,-2966341.0,-2960935.8,-2931319.1,4,-4508.38,6.569,3,saturated
263,-2949145.0,-2966341.0,-2959725.0,-2942386.5,3,3439.94,5.040,3,saturated
264,-2960394.5,-2966341.0,-2962528.2,-2946283.8,3,-3681.12,4.413,3,saturated
265,-2948710.0,-2966341.0,-2960412.0,-2935855.0,5,606.88,40.465,3,saturated
266,-2961247.0,-2966341.0,-2962462.0,-2960943.2,3,4476.50,0.339,3,saturated
267,-2946717.5,-2966341.0,-2963345.8,-2931496.9,4,-3140.50,10.141,3,saturated
268,-2942488.5,-2966341.0,-2945841.8,-2939135.2,2,4689.88,1.430,3,saturated
269,-2961272.0,-2966341.0,-2964373.0,-2960520.5,5,-4445.38,0.867,3,saturated
270,-2942487.5,-2966341.0,-2952140.0,-2933805.9,4,-3054.69,6.002,3,saturated
271,-2964499.0,-2966341.0,-2964499.0,-2964499.0,1,2658.75,0.000,3,saturated
272,-2954707.2,-2966341.0,-2960995.0,-2935042.8,8,-3683.70,7.045,3,saturated
274,-2947978.2,-2966341.0,-2963557.9,-2933563.0,6,-543.90,55.148,3,saturated
275,-2960906.0,-2966341.0,-2961445.5,-2954979.0,3,2448.45,2.641,3,saturated
276,-2967218.5,-2967218.5,-2968674.8,-2965762.2,2,-5610.69,0.519,3,saturated
277,-2942465.0,-2967218.5,-2957171.4,-2933659.2,6,3160.69,7.439,3,saturated
278,-2970421.0,-2970421.0,-2970421.0,-2970421.0,1,1679.62,0.000,3,saturated
279,-2948263.2,-2970421.0,-2961275.9,-2933263.5,6,-5469.00,5.122,3,saturated
280,-2960500.0,-2970421.0,-2965343.5,-2954813.0,3,3939.19,2.673,3,saturated
281,-2964341.0,-2970421.0,-2964341.0,-2964341.0,1,1162.55,0.000,3,saturated
282,-2954664.2,-2970421.0,-2960976.8,-2934879.8,8,-82.00,318.256,3,saturated
284,-2942450.5,-2970421.0,-2957905.4,-2933572.0,6,5728.80,4.248,3,saturated
285,-2960910.0,-2970421.0,-2965853.0,-2960855.5,3,-1239.95,4.030,3,saturated
286,-2935697.0,-2970421.0,-2949183.0,-2932847.0,5,1608.62,10.155,3,saturated
287,-2960864.0,-2970421.0,-2965620.5,-2960724.2,3,65.88,74.326,3,saturated
288,-2936016.0,-2970421.0,-2961098.0,-2932813.0,5,-6320.50,4.475,3,saturated
289,-2960646.5,-2970421.0,-2965483.2,-2954919.2,3,2880.00,3.668,3,saturated
290,-2960979.0,-2970421.0,-2960979.0,-2960979.0,1,-6144.44,0.000,3,saturated
291,-2949344.0,-2970421.0,-2962782.0,-2934518.5,7,4511.88,6.264,3,saturated
292,-2960593.8,-2970421.0,-2960659.4,-2960528.1,2,-29.44,4.459,3,saturated
293,-2942599.0,-2970421.0,-2960642.0,-2933526.0,6,-31.75,854.047,3,saturated
294,-2961096.8,-2970421.0,-2961469.9,-2960723.6,2,3037.81,0.246,3,saturated
295,-2949471.0,-2970421.0,-2960607.0,-2936125.0,5,-4509.88,5.429,3,saturated
296,-2948442.5,-2970421.0,-2956386.8,-2940498.2,2,1355.44,11.722,3,saturated
297,-2960638.5,-2970421.0,-2960856.0,-2936124.0,5,-3982.06,6.211,3,saturated
298,-2955675.0,-2970421.0,-2962307.8,-2945453.8,4,1440.50,11.700,3,saturated
299,-2965399.2,-2970421.0,-2967759.1,-2963039.4,2,-391.12,12.067,3,saturated
300,-2942680.5,-2970421.0,-2957764.5,-2933322.8,6,4949.00,4.939,3,saturated
301,-2962203.0,-2970421.0,-2966105.0,-2961399.8,3,-540.56,8.704,3,saturated
302,-2935879.0,-2970421.0,-2949768.0,-2932154.0,5,-3112.81,5.659,3,saturated
303,-2967561.5,-2970421.0,-2969083.8,-2966039.2,2,-524.25,5.807,3,saturated
304,-2955131.8,-2970421.0,-2960733.1,-2939264.8,6,-1703.88,12.600,3,saturated
305,-2964300.0,-2970421.0,-2967428.0,-2948557.0,3,1467.12,12.863,3,saturated
306,-2942694.5,-2970421.0,-2952205.9,-2934055.6,4,3124.19,5.810,3,saturated
307,-2961693.0,-2970421.0,-2964264.0,-2961054.0,5,933.25,3.440,3,saturated
308,-2942635.0,-2970421.0,-2952207.9,-2934018.6,4,-1469.12,12.381,3,saturated
309,-2960567.0,-2970421.0,-2962609.0,-2946710.5,3,4374.00,3.635,3,saturated
310,-2948571.0,-2970421.0,-2963482.2,-2934071.4,4,-2968.00,9.909,3,saturated
